Id,Net_demand
1,42258.758
2,36081.19
3,33475.246
4,40252.992
5,40959.88
6,41102.8
7,38366.45
8,35109.016
9,34155.24
10,33829.74
11,40225.04
12,40798.5
13,41192.25
14,40939.496
15,37943.848
16,32475.018
17,31631.207
18,38740.3
19,41399.203
20,41481.496
21,42840.71
22,42831.64
23,37569.48
24,34820.082
25,36819.316
26,36009.86
27,39918.96
28,45052.168
29,41241.63
30,30768.46
31,32696.666
32,42123.22
33,43022.18
34,37747.98
35,41288.742
36,41069.438
37,36423.12
38,34935.133
39,40700.64
40,42577.46
41,43329.785
42,42497.746
43,39447.656
44,33197.86
45,31982.957
46,39486.312
47,39804.11
48,38113.01
49,38169.4
50,36687.582
51,34401.734
52,27743.037
53,32497.553
54,38142.54
55,38204.78
56,37048.457
57,36932.953
58,32843.08
59,32802.703
60,34405.8
61,27210.832
62,34809.6
63,36752.215
64,39285.84
65,41328.21
66,35331.805
67,36816.0
68,36642.664
69,41779.727
70,46075.57
71,40281.695
72,39618.938
73,40189.98
74,45434.91
75,42878.24
76,40522.934
77,38842.22
78,45908.594
79,45093.36
80,40583.28
81,46808.15
82,47133.117
83,46764.695
84,47640.79
85,50661.53
86,46875.797
87,45222.625
88,52172.36
89,57525.08
90,57559.414
91,57867.855
92,60212.473
93,53839.816
94,56194.41
95,64690.53
96,64589.02
97,64462.523
98,66145.28
99,66228.54
100,62458.453
101,63427.598
102,70749.32
103,70484.305
104,66715.03
105,64463.316
106,66579.4
107,66076.87
108,58670.746
109,49200.465
110,46135.06
111,47637.527
112,42918.965
113,40725.004
114,42913.99
115,39262.12
116,40980.52
117,46383.816
118,40316.094
119,39736.3
120,38383.004
121,31676.848
122,32331.807
123,40311.83
124,50320.633
125,43945.27
126,46562.793
127,47824.29
128,38214.457
129,37761.324
130,44448.15
131,49264.08
132,45762.105
133,44915.867
134,44563.74
135,40104.25
136,40108.848
137,48899.88
138,62259.703
139,64520.965
140,67866.28
141,66045.36
142,58753.01
143,61244.453
144,68922.445
145,69049.664
146,71707.875
147,68480.84
148,65169.88
149,62246.89
150,63322.293
151,65155.207
152,62966.04
153,56802.215
154,55708.184
155,56646.734
156,52462.65
157,47782.555
158,57465.914
159,58482.598
160,63890.887
161,67203.15
162,65878.18
163,57835.94
164,52197.02
165,60368.984
166,59080.715
167,58016.637
168,55540.336
169,47013.17
170,41528.37
171,43372.348
172,50841.684
173,53983.92
174,53978.508
175,54549.86
176,53939.63
177,48169.6
178,44539.13
179,53384.156
180,61121.145
181,61792.246
182,59814.723
183,59077.723
184,53916.83
185,54023.895
186,59678.82
187,56868.793
188,47243.977
189,43321.887
190,40959.133
191,47457.137
192,37207.33
193,37470.152
194,39397.55
195,51944.49
196,44679.168
197,41173.99
198,38798.21
199,38263.246
200,47870.617
201,44910.395
202,39680.16
203,37022.6
204,34856.863
205,31636.053
206,32044.44
207,45004.777
208,47457.4
209,41625.547
210,35949.414
211,31066.781
212,31700.408
213,35569.207
214,43976.824
215,46295.793
216,50125.71
217,46147.074
218,45183.965
219,40952.977
220,38914.703
221,33882.074
222,39039.797
223,37299.938
224,41320.195
225,43813.004
226,36448.312
227,38187.707
228,41057.2
229,39139.965
230,37752.82
231,39515.355
232,42931.13
233,37254.2
234,31622.525
235,38298.44
236,44016.348
237,45521.438
238,42299.45
239,38002.91
240,36091.934
241,34699.906
242,33289.13
243,37265.617
244,35056.887
245,36156.31
246,38271.34
247,34885.42
248,32547.098
249,33418.33
250,36728.465
251,34664.902
252,39873.996
253,39055.887
254,33244.258
255,31162.615
256,36247.246
257,34664.316
258,35708.75
259,32143.893
260,34181.125
261,29976.887
262,29716.785
263,35798.848
264,33245.863
265,34089.41
266,31955.857
267,31676.979
268,29789.36
269,27458.574
270,26702.678
271,29867.195
272,31431.959
273,33994.117
274,32410.592
275,29121.516
276,28016.498
277,33792.254
278,35125.97
279,35330.15
280,35720.44
281,36591.95
282,33259.71
283,31186.316
284,37882.457
285,37245.89
286,36645.13
287,37711.54
288,38508.09
289,34604.67
290,31376.457
291,37389.0
292,37401.71
293,39339.676
294,37491.227
295,37229.715
296,33216.984
297,30538.86
298,35106.152
299,37968.977
300,39068.113
301,38928.684
302,35012.02
303,27350.686
304,27048.266
305,34238.773
306,37205.773
307,35154.254
308,39504.32
309,38084.01
310,34356.184
311,33017.484
312,39260.41
313,39157.84
314,38300.406
315,39767.316
316,32433.516
317,28268.371
318,30144.477
319,37649.926
320,40354.11
321,38005.51
322,41057.844
323,37930.91
324,32899.996
325,29514.146
326,34992.367
327,35627.64
328,36160.414
329,34873.727
330,35733.027
331,31090.203
332,27580.477
333,31297.0
334,29071.176
335,26722.861
336,29312.418
337,32648.18
338,26026.768
339,22674.006
340,32799.848
341,34720.25
342,35562.082
343,35350.94
344,35656.55
345,31157.676
346,30732.479
347,34802.145
348,30977.744
349,36002.184
350,36146.527
351,36709.38
352,33444.76
353,32779.496
354,37998.78
355,39866.93
356,41211.117
357,40583.71
358,37009.445
359,34728.832
360,30645.135
361,34858.55
362,37558.742
363,36724.63
364,37030.61
365,36848.465
366,34223.984
367,31063.758
368,35257.086
369,38905.516
370,40428.37
371,41014.9
372,41041.203
373,36115.07
374,33214.574
375,39624.773
376,40462.703
377,40293.83
378,41021.062
379,38405.414
380,33907.26
381,30765.713
382,33738.38
383,34640.367
384,34359.7
385,36628.992
386,35388.004
387,32970.977
388,29851.016
389,38391.047
390,38971.914
391,37847.812
392,38315.586
393,35392.25
394,34959.543
395,34546.48
